file_name,file_origin,file_length,file_type
EFTA02823228.pdf,court-records-state-florida-v-epstein-no-50-2006-cf-009454-axxx-mb-fla-15th-cir-ct-2006-1,1,other
EFTA02823229.pdf,court-records-state-florida-v-epstein-no-50-2006-cf-009454-axxx-mb-fla-15th-cir-ct-2006-1,1,other
EFTA02823230.pdf,court-records-state-florida-v-epstein-no-50-2006-cf-009454-axxx-mb-fla-15th-cir-ct-2006-1,1,other
EFTA02823231.pdf,court-records-state-florida-v-epstein-no-50-2006-cf-009454-axxx-mb-fla-15th-cir-ct-2006-1,1,other
EFTA02823232.pdf,court-records-state-florida-v-epstein-no-50-2006-cf-009454-axxx-mb-fla-15th-cir-ct-2006-1,1,other
EFTA02823233.pdf,court-records-state-florida-v-epstein-no-50-2006-cf-009454-axxx-mb-fla-15th-cir-ct-2006-1,1,other
EFTA02823234.pdf,court-records-state-florida-v-epstein-no-50-2006-cf-009454-axxx-mb-fla-15th-cir-ct-2006-1,1,other
EFTA02823235.pdf,court-records-state-florida-v-epstein-no-50-2006-cf-009454-axxx-mb-fla-15th-cir-ct-2006-1,1,other
EFTA02823236.pdf,court-records-state-florida-v-epstein-no-50-2006-cf-009454-axxx-mb-fla-15th-cir-ct-2006-1,1,other
EFTA02823237.pdf,court-records-state-florida-v-epstein-no-50-2006-cf-009454-axxx-mb-fla-15th-cir-ct-2006-1,1,other
EFTA02823238.pdf,court-records-state-florida-v-epstein-no-50-2006-cf-009454-axxx-mb-fla-15th-cir-ct-2006-1,1,other
EFTA02823239.pdf,court-records-state-florida-v-epstein-no-50-2006-cf-009454-axxx-mb-fla-15th-cir-ct-2006-1,1,other
EFTA02823240.pdf,court-records-state-florida-v-epstein-no-50-2006-cf-009454-axxx-mb-fla-15th-cir-ct-2006-1,1,other
EFTA02823241.pdf,court-records-state-florida-v-epstein-no-50-2006-cf-009454-axxx-mb-fla-15th-cir-ct-2006-1,1,other
EFTA02823242.pdf,court-records-state-florida-v-epstein-no-50-2006-cf-009454-axxx-mb-fla-15th-cir-ct-2006-1,1,other
EFTA02823243.pdf,court-records-state-florida-v-epstein-no-50-2006-cf-009454-axxx-mb-fla-15th-cir-ct-2006-1,1,other
EFTA02823244.pdf,court-records-state-florida-v-epstein-no-50-2006-cf-009454-axxx-mb-fla-15th-cir-ct-2006-1,1,other
EFTA02823245.pdf,court-records-state-florida-v-epstein-no-50-2006-cf-009454-axxx-mb-fla-15th-cir-ct-2006-1,1,other
EFTA02823246.pdf,court-records-state-florida-v-epstein-no-50-2006-cf-009454-axxx-mb-fla-15th-cir-ct-2006-1,1,other
EFTA02823247.pdf,court-records-state-florida-v-epstein-no-50-2006-cf-009454-axxx-mb-fla-15th-cir-ct-2006-1,1,other
EFTA02823248.pdf,court-records-state-florida-v-epstein-no-50-2006-cf-009454-axxx-mb-fla-15th-cir-ct-2006-1,1,other
EFTA02823249.pdf,court-records-state-florida-v-epstein-no-50-2006-cf-009454-axxx-mb-fla-15th-cir-ct-2006-1,1,other
EFTA02823250.pdf,court-records-state-florida-v-epstein-no-50-2006-cf-009454-axxx-mb-fla-15th-cir-ct-2006-1,1,other
EFTA02823251.pdf,court-records-state-florida-v-epstein-no-50-2006-cf-009454-axxx-mb-fla-15th-cir-ct-2006-1,2,other
EFTA02823253.pdf,court-records-state-florida-v-epstein-no-50-2006-cf-009454-axxx-mb-fla-15th-cir-ct-2006-1,1,other
EFTA02823254.pdf,court-records-state-florida-v-epstein-no-50-2006-cf-009454-axxx-mb-fla-15th-cir-ct-2006-1,1,other
EFTA02823255.pdf,court-records-state-florida-v-epstein-no-50-2006-cf-009454-axxx-mb-fla-15th-cir-ct-2006-1,1,other
EFTA02823256.pdf,court-records-state-florida-v-epstein-no-50-2006-cf-009454-axxx-mb-fla-15th-cir-ct-2006-1,2,other
EFTA02823258.pdf,court-records-state-florida-v-epstein-no-50-2006-cf-009454-axxx-mb-fla-15th-cir-ct-2006-1,1,other
EFTA02823259.pdf,court-records-state-florida-v-epstein-no-50-2006-cf-009454-axxx-mb-fla-15th-cir-ct-2006-1,2,other
EFTA02823261.pdf,court-records-state-florida-v-epstein-no-50-2006-cf-009454-axxx-mb-fla-15th-cir-ct-2006-1,1,other
EFTA02823262.pdf,court-records-state-florida-v-epstein-no-50-2006-cf-009454-axxx-mb-fla-15th-cir-ct-2006-1,1,other
EFTA02823263.pdf,court-records-state-florida-v-epstein-no-50-2006-cf-009454-axxx-mb-fla-15th-cir-ct-2006-1,1,other
EFTA02823264.pdf,court-records-state-florida-v-epstein-no-50-2006-cf-009454-axxx-mb-fla-15th-cir-ct-2006-1,6,other
EFTA02823270.pdf,court-records-state-florida-v-epstein-no-50-2006-cf-009454-axxx-mb-fla-15th-cir-ct-2006-1,6,other
EFTA02823276.pdf,court-records-state-florida-v-epstein-no-50-2006-cf-009454-axxx-mb-fla-15th-cir-ct-2006-1,1,other
EFTA02823277.pdf,court-records-state-florida-v-epstein-no-50-2006-cf-009454-axxx-mb-fla-15th-cir-ct-2006-1,5,other
EFTA02823282.pdf,court-records-state-florida-v-epstein-no-50-2006-cf-009454-axxx-mb-fla-15th-cir-ct-2006-1,1,other
EFTA02823283.pdf,court-records-state-florida-v-epstein-no-50-2006-cf-009454-axxx-mb-fla-15th-cir-ct-2006-1,1,other
EFTA02823284.pdf,court-records-state-florida-v-epstein-no-50-2006-cf-009454-axxx-mb-fla-15th-cir-ct-2006-1,6,other
EFTA02823290.pdf,court-records-state-florida-v-epstein-no-50-2006-cf-009454-axxx-mb-fla-15th-cir-ct-2006-1,1,other
EFTA02823291.pdf,court-records-state-florida-v-epstein-no-50-2006-cf-009454-axxx-mb-fla-15th-cir-ct-2006-1,1,other
EFTA02823292.pdf,court-records-state-florida-v-epstein-no-50-2006-cf-009454-axxx-mb-fla-15th-cir-ct-2006-1,1,other
EFTA02823293.pdf,court-records-state-florida-v-epstein-no-50-2006-cf-009454-axxx-mb-fla-15th-cir-ct-2006-1,1,other
EFTA02823294.pdf,court-records-state-florida-v-epstein-no-50-2006-cf-009454-axxx-mb-fla-15th-cir-ct-2006-1,1,other
EFTA02823295.pdf,court-records-state-florida-v-epstein-no-50-2006-cf-009454-axxx-mb-fla-15th-cir-ct-2006-1,1,other
EFTA02823296.pdf,court-records-state-florida-v-epstein-no-50-2006-cf-009454-axxx-mb-fla-15th-cir-ct-2006-1,1,other
EFTA02823297.pdf,court-records-state-florida-v-epstein-no-50-2006-cf-009454-axxx-mb-fla-15th-cir-ct-2006-1,1,other
EFTA02823298.pdf,court-records-state-florida-v-epstein-no-50-2006-cf-009454-axxx-mb-fla-15th-cir-ct-2006-1,1,other
EFTA02823299.pdf,court-records-state-florida-v-epstein-no-50-2006-cf-009454-axxx-mb-fla-15th-cir-ct-2006-1,1,other
EFTA02823300.pdf,court-records-state-florida-v-epstein-no-50-2006-cf-009454-axxx-mb-fla-15th-cir-ct-2006-1,4,other
EFTA02823304.pdf,court-records-state-florida-v-epstein-no-50-2006-cf-009454-axxx-mb-fla-15th-cir-ct-2006-1,1,other
EFTA02823305.pdf,court-records-state-florida-v-epstein-no-50-2006-cf-009454-axxx-mb-fla-15th-cir-ct-2006-1,2,other
EFTA02823307.pdf,court-records-state-florida-v-epstein-no-50-2006-cf-009454-axxx-mb-fla-15th-cir-ct-2006-1,1,other
EFTA02823308.pdf,court-records-state-florida-v-epstein-no-50-2006-cf-009454-axxx-mb-fla-15th-cir-ct-2006-1,1,other
EFTA02823309.pdf,court-records-state-florida-v-epstein-no-50-2006-cf-009454-axxx-mb-fla-15th-cir-ct-2006-1,1,other
EFTA02823310.pdf,court-records-state-florida-v-epstein-no-50-2006-cf-009454-axxx-mb-fla-15th-cir-ct-2006-1,1,other
EFTA02823311.pdf,court-records-state-florida-v-epstein-no-50-2006-cf-009454-axxx-mb-fla-15th-cir-ct-2006-1,1,other
EFTA02823312.pdf,court-records-state-florida-v-epstein-no-50-2006-cf-009454-axxx-mb-fla-15th-cir-ct-2006-1,1,other
EFTA02823313.pdf,court-records-state-florida-v-epstein-no-50-2006-cf-009454-axxx-mb-fla-15th-cir-ct-2006-1,1,other
EFTA02823314.pdf,court-records-state-florida-v-epstein-no-50-2006-cf-009454-axxx-mb-fla-15th-cir-ct-2006-1,1,other
EFTA02823315.pdf,court-records-state-florida-v-epstein-no-50-2006-cf-009454-axxx-mb-fla-15th-cir-ct-2006-1,1,other
EFTA02823316.pdf,court-records-state-florida-v-epstein-no-50-2006-cf-009454-axxx-mb-fla-15th-cir-ct-2006-1,13,other
EFTA02823329.pdf,court-records-state-florida-v-epstein-no-50-2006-cf-009454-axxx-mb-fla-15th-cir-ct-2006-1,2,other
EFTA02823331.pdf,court-records-state-florida-v-epstein-no-50-2006-cf-009454-axxx-mb-fla-15th-cir-ct-2006-1,1,other
EFTA02823332.pdf,court-records-state-florida-v-epstein-no-50-2006-cf-009454-axxx-mb-fla-15th-cir-ct-2006-1,14,other
EFTA02823346.pdf,court-records-state-florida-v-epstein-no-50-2006-cf-009454-axxx-mb-fla-15th-cir-ct-2006-1,1,other
EFTA02823347.pdf,court-records-state-florida-v-epstein-no-50-2006-cf-009454-axxx-mb-fla-15th-cir-ct-2006-1,50,other
EFTA02823397.pdf,court-records-state-florida-v-epstein-no-50-2006-cf-009454-axxx-mb-fla-15th-cir-ct-2006-1,8,other
EFTA02823405.pdf,court-records-state-florida-v-epstein-no-50-2006-cf-009454-axxx-mb-fla-15th-cir-ct-2006-1,3,other
EFTA02823408.pdf,court-records-state-florida-v-epstein-no-50-2006-cf-009454-axxx-mb-fla-15th-cir-ct-2006-1,13,other
EFTA02823421.pdf,court-records-state-florida-v-epstein-no-50-2006-cf-009454-axxx-mb-fla-15th-cir-ct-2006-1,1,other
EFTA02823422.pdf,court-records-state-florida-v-epstein-no-50-2006-cf-009454-axxx-mb-fla-15th-cir-ct-2006-1,2,other
EFTA02823424.pdf,court-records-state-florida-v-epstein-no-50-2006-cf-009454-axxx-mb-fla-15th-cir-ct-2006-1,1,other
EFTA02823425.pdf,court-records-state-florida-v-epstein-no-50-2006-cf-009454-axxx-mb-fla-15th-cir-ct-2006-1,2,other
EFTA02823427.pdf,court-records-state-florida-v-epstein-no-50-2006-cf-009454-axxx-mb-fla-15th-cir-ct-2006-1,12,other
EFTA02823439.pdf,court-records-state-florida-v-epstein-no-50-2006-cf-009454-axxx-mb-fla-15th-cir-ct-2006-1,5,other
EFTA02823444.pdf,court-records-state-florida-v-epstein-no-50-2006-cf-009454-axxx-mb-fla-15th-cir-ct-2006-1,1,other
EFTA02823445.pdf,court-records-state-florida-v-epstein-no-50-2006-cf-009454-axxx-mb-fla-15th-cir-ct-2006-1,2,other
EFTA02823447.pdf,court-records-state-florida-v-epstein-no-50-2006-cf-009454-axxx-mb-fla-15th-cir-ct-2006-1,2,other
EFTA02823449.pdf,court-records-state-florida-v-epstein-no-50-2006-cf-009454-axxx-mb-fla-15th-cir-ct-2006-1,4,other
EFTA02823453.pdf,court-records-state-florida-v-epstein-no-50-2006-cf-009454-axxx-mb-fla-15th-cir-ct-2006-1,1,other
EFTA02823454.pdf,court-records-state-florida-v-epstein-no-50-2006-cf-009454-axxx-mb-fla-15th-cir-ct-2006-1,2,other
EFTA02823456.pdf,court-records-state-florida-v-epstein-no-50-2006-cf-009454-axxx-mb-fla-15th-cir-ct-2006-1,3,other
EFTA02823459.pdf,court-records-state-florida-v-epstein-no-50-2006-cf-009454-axxx-mb-fla-15th-cir-ct-2006-1,1,other
EFTA02823460.pdf,court-records-state-florida-v-epstein-no-50-2006-cf-009454-axxx-mb-fla-15th-cir-ct-2006-1,4,other
EFTA02823464.pdf,court-records-state-florida-v-epstein-no-50-2006-cf-009454-axxx-mb-fla-15th-cir-ct-2006-1,4,other
EFTA02823468.pdf,court-records-state-florida-v-epstein-no-50-2006-cf-009454-axxx-mb-fla-15th-cir-ct-2006-1,2,other
EFTA02823470.pdf,court-records-state-florida-v-epstein-no-50-2006-cf-009454-axxx-mb-fla-15th-cir-ct-2006-1,2,other
EFTA02823472.pdf,court-records-state-florida-v-epstein-no-50-2006-cf-009454-axxx-mb-fla-15th-cir-ct-2006-1,3,other
EFTA02823475.pdf,court-records-state-florida-v-epstein-no-50-2006-cf-009454-axxx-mb-fla-15th-cir-ct-2006-1,1,other
EFTA02823476.pdf,court-records-state-florida-v-epstein-no-50-2006-cf-009454-axxx-mb-fla-15th-cir-ct-2006-1,173,other
EFTA02823649.pdf,court-records-state-florida-v-epstein-no-50-2006-cf-009454-axxx-mb-fla-15th-cir-ct-2006-1,1,other
EFTA02823650.pdf,court-records-state-florida-v-epstein-no-50-2006-cf-009454-axxx-mb-fla-15th-cir-ct-2006-1,1,other
EFTA02823651.pdf,court-records-state-florida-v-epstein-no-50-2006-cf-009454-axxx-mb-fla-15th-cir-ct-2006-1,1,other
EFTA02823652.pdf,court-records-state-florida-v-epstein-no-50-2006-cf-009454-axxx-mb-fla-15th-cir-ct-2006-1,2,other
EFTA02823654.pdf,court-records-state-florida-v-epstein-no-50-2006-cf-009454-axxx-mb-fla-15th-cir-ct-2006-1,3,other
EFTA02823657.pdf,court-records-state-florida-v-epstein-no-50-2006-cf-009454-axxx-mb-fla-15th-cir-ct-2006-1,7,other
EFTA02823664.pdf,court-records-state-florida-v-epstein-no-50-2006-cf-009454-axxx-mb-fla-15th-cir-ct-2006-1,6,other
EFTA02823670.pdf,court-records-state-florida-v-epstein-no-50-2006-cf-009454-axxx-mb-fla-15th-cir-ct-2006-1,1,other
EFTA02823671.pdf,court-records-state-florida-v-epstein-no-50-2006-cf-009454-axxx-mb-fla-15th-cir-ct-2006-1,2,other
EFTA02823673.pdf,court-records-state-florida-v-epstein-no-50-2006-cf-009454-axxx-mb-fla-15th-cir-ct-2006-1,3,other
EFTA02823676.pdf,court-records-state-florida-v-epstein-no-50-2006-cf-009454-axxx-mb-fla-15th-cir-ct-2006-1,2,other
EFTA02823678.pdf,court-records-state-florida-v-epstein-no-50-2006-cf-009454-axxx-mb-fla-15th-cir-ct-2006-1,1,other
EFTA02823679.pdf,court-records-state-florida-v-epstein-no-50-2006-cf-009454-axxx-mb-fla-15th-cir-ct-2006-1,1,other
EFTA02823680.pdf,court-records-state-florida-v-epstein-no-50-2006-cf-009454-axxx-mb-fla-15th-cir-ct-2006-1,7,other
EFTA02823687.pdf,court-records-state-florida-v-epstein-no-50-2006-cf-009454-axxx-mb-fla-15th-cir-ct-2006-1,2,other
EFTA02823689.pdf,court-records-state-florida-v-epstein-no-50-2006-cf-009454-axxx-mb-fla-15th-cir-ct-2006-1,1,other
