file_name,file_origin,text
EFTA02777561.pdf,court-records-v-indyke-no-119-cv-10474-sdny-2019-1,"                    Case 1:19-cv-10474-NRB                             Document 2                   Filed 11/12/19                Page 1 of 2
JS 44C/SONY                                                              CIVIL COVER SHEET
REV 06101/17
                        The JS-44 civil cover sheet and the Sormabon contained herein neither replace nor supplement the filing and service el pleadings or
                        other papers as required by law,eseasz as provided by Meal rules CI Court This form, approved by the Judinal Conference of the
                        United Slates in September 1974. is mimed for use of the Clerk of Court for the purpose of intbating the eve docket sheet



PLAINTIFFS                                                                              OEFENDANTS

                                                                                        DARREN K. INDYKE and RICHARD D. KAHN. In their capacities as the
                                                                                        executors of the ESTATE OF JEFFREY EDWARD EPSTEIN
                                                                                                                                                                             O
ATTORNEYS (FIRM NAME, ADDRESS, AND TELEPHONE NUMBER                                     ATTORNEYS (IF KNOWN)
Joshua I. Stiller                                                                       Bennet J. Moskowitz
Boles Schiller Flexner LLP                                                              875 Third Avenue
55 Hudson Yards. New York: NY 10001 (212) 446-2300                                      New York, NY 10022

CAUSE OF ACTION(CITE THE U.S. CIVIL STATUTE UNDER WHICH YOU ARE FILING AND WRITE A BRIEF STATEMENT OF CAUSE)
                (DO NOT CITE JURISDICTIONAL STATUTES UNLESS DIVERSITY)

28 U.S.C. § 1332. New York causes of action
                                                                                                                                             Judge Previously   Assigned
Has this action, case, or proceeding. or one ossentialty the same been previously filed in SONY al any time? NoElYmEl


If yes, was this case Vol. O     Invol. O     Dismissed. No O        Yes O      If yes. give date                                   & Case No.


ISMSAN iNTUS4AITOHAL ARSimATIONCAUT                  No   E          Yes O

(PLACE AN ix] IN ONE BOX ONLY)                                     NATURE OF SUIT
                              TORTS                                                                                   ACDoris UNDER STATUTES



CONTRACT

1)110         INSURANCE
                              PERSONAL INJURY

                          I 1 310 AIRPLANE
                                                           rtVgtigLINVEI                FORFEITURE/PENALTY
                                                           PRAMAACEUTICAL PERSONAL I )625ORUG RELATED
                                                                                                                      BANKRUPTCY

                                                                                                                      1 1 422 APPEAL
                                                                                                                                                    OTHER STATUTES
                                                                                                                                                    11375 FALSE CLAIMS
  )120        MARINE        1316 AIRPLANE PRODUCT          INJURY/PRODUCT LIABILITY                                            28 USC 153           11376OU1 TAM
                                                                                      SEIZURE CF PROPERTY
    130       TACT E               LABILITY                ( 1366 PERSONAL INJURY           21 USC 891                I I CSINITHDRAWAL             11400 STATE
I 3 1.10                  1 1320 ASSAULT. LIBEL a                  PRODUCT LABILITY                                            28 USC 15?                   REAPPORTIONMENT
          INSTRUMENT               SLANDER                 (I 383 A caFSTOS PERSONAL I )691)°111F-R                                                 11410 ANTITRUST
I )150    RECOVERY OF       1330 FEDERAL                           INJURY PRODUCT                                                                   I 1413 BANKS & BANKING
          OVERPAYMENT &            EMPLOYERS'                      UABLITY            PROPERTY RIGHTS                                               I 145OCOMMERCE
          ENFORCEMENT              LABILITY                                                                                                         I 1460 CEPORTATION
         OF JUDGMENT        I 340 MARINE                   PERSONAL PROPERTY                1820 COPYRIGHTS                                         11470 RACKETEER HEW-
    151   MEDICARE ACT      1345 MARINE PRODUCT                                          I I 830 PATENT                                                     ENCED A CORRUPT
11151     RECOVERY OF              LABILITY                   37OOTHER FRAUD             I )935 PATENTABBREMATED NEW DRUG APPLICATION                       ORGANIZATION ACT
          DEFAULTED         )350 MOTOR VEHICLE                371 TRUTH IN LENDING                                                                          (RCO)
          STUDENT LOANS     ) 356 MOTOR VEHICLE                                           1 1840 TRADEMAFX                                            1480 CONSUMER CREDIT
          (EXCL VETERANS)          PRODUCT LIABILITY                                                             SOCIAL SECURITY                      1490 CABLE/SATELLITE1V
11, 53    RECOVERY OF     le 360 OTHER PERSONAL
          OVERPAYMENT              INJURY                  ( 1380 OTHER PERSONAL        LABOR                         1 Iasi HIA (i399)             I )850 SECURMES/
         OF VETERANS        )382 PERSONAL INJURY                   PROPERTY DAMAGE                                    I 10932 BLACK LUNG (923)              COMMODITIES/
          BEhEFITS                 MED MALPRACTICE            346 PROPERTY DAMAGE       I )7.O FAIR LABOR             I 1863 DIACCIVAN(405(0))              EXCHANGE
  ( 160   STOCKHOLDERS                                             PRODUCT USZniTy               STANDARDS ACT          1854 SSID TITLE XVI
          SLITS                                                                         I )72OLABORPAGMT                 855 RSI (4O5(p))
( I 190  OTHER                                             PRISONER PETITIONS                    RELATIONS                                          I )890 OTHER STATUTORY
         CONTRACT
( 195    CONTRACT
         PRODUCT          ACTIONS UNDER STATUTES
                                                           1I463 ALIEN CETANEE
                                                             51O MOTIONS TO
                                                                  VACATE SENTENCE
                                                                                          )740 RAILWAY LABOR ACT
                                                                                          ) 751 CURLY MEDICAL         FEDERAL TAX SUITS
                                                                                                                                                            ACTIONS
                                                                                                                                                      1891 AGRICULTURAL ACTS
                                                                                        LEAVE ACT (FMLA)
          WBUTY                                                   25 USC 2255                                     1 1870 TAXES (U S Platen or
  II% FRANGHI$E           CIVIL RIGHTS                      153OHABEAS CORPUS             179OOTHER LABOR                  Defendant)                I a93 ENVIRONMENTAL
                                                            1535 DEATH PENALTY                  LITIGATION          ) all IRS THIRD PARTY                   MATTERS
                              I 344O OTHER CML RIGHTS       154O MANDAMUS S OTHER         )791 EMPL RET INC                28 USC 76O9                 805FREEDOMCC
                                                                                                SECURITY ACT (CMGs)                                         AFORNATCN ACT
                                       (NcoPrisoner)
REAL PROPERTY                                                                                                                                        18% ARBITRATION
                              I 3441 VOTING                                       EMIGRATION                                                           899  ADMINISTRATIVE
(1 210        LANG                442 EMPLOYMENT        PRISONER CIVIL RIGHTS
                                                                                                                                                      PROCEDURE ACl/REVIEWOR
              CONDEMNATION        443 HOUSING/                                      1662 NATURALIZATION
 )220         FORCLCGURE
              RENTS                     ACCOMMODATIONS I ISSOCML RIGHTS                   APPLICATION                                                 APPEAL OF AGENCY DECISION
11230               LEASE &    I ) 445 AMERICANS LATH     1556PRISON COMYTON      I )465OTHER IMMIGRATiON
              EJECTMENT                DISABILITIES •                                                                                                 1 1 050 CONSTITUTIONALITY OF
                                                        I I 560 CNIL DETNNEE              ACTIONS                                                     STATE STATUTES
    1240      TORTS TO LAND            EMPLOYMENT          CONDITIONS OF CONFINEMENT
    1245      TORT PRODUCT     11445 AMERICANS WTH
              UAENUTY                  Dusk:Ines -OTHER
    1290      ALL OTHER         I )448 EDUCATION
              REAL FROPERTY




           Check if demanded in complaint
                                                                     OO YOU CLAIM THIS CASE IS RELATED TO A CIVIL CASE NOW PENDING IN S.D.N.Y.


I          CHECK IF THIS IS ACLASS ACTION
           UNDER F.R.C.P. 23
                                                                     AS DEFINED BY LOCAL RULE FOR DIVISION OF BUSINESS 13?
                                                                     IF SO, STATE:

DEMAND S                            OTHER                            JUDGE                                                     DOCKET NUMBER

Cheek YES only if demanded in complaint
JURY DEMAND: EYES                 ENO                                NOTE: You must also submil at the time of filing the Statement of Relatedness form (Form IH-32).




                                                                                                                                                              EFTA02777561
                      Case 1:19-cv-10474-NRB                      Document 2               Filed 11/12/19            Page 2 of 2


(PLACE AN x IN ONE BOX ONLY)                                                ORIGIN
      1 are'           O 2 Removed from             O 3 Remanded     O 4 Reinstated or     O   5 Transferred from O 6 Mmu ilifict
                                                                                                                                        ri 7 Appeal to Dal=
a                                                                                                                     Lthgabon           ""     Judge from
        Proceeding         Stabs Court                  from             Reopened                (Specify DisVect)
                                                                                                                      (Transferred)            Magistrate Judge
                                                        Appellate
                       O    EL all parties represented  Court
                                                                                                                 O8 Mold:listed Litigation (Direct Fie)
                       O    b. At Weston* party
                               Is pro st
(PLACE AN x IN ONE BOX ONLY)                                    BASIS OF JURISDICTION                                       IF DIVERSITY, INDICATE
O 1 U.S. PLAINTIFF          O 2 U.S. DEFENDANT         O   3 FEDERAL QUESTION   04 DIVERSITY                                CITIZENSHIP BELOW.
                                                             (U.S NOT A PARTY)

                                 CITIZENSHIP OF PRINCIPAL PARTIES (FOR DIVERSITY CASES ONLY)

         (Place an pq in one box for Plaintiff and one box for Defendant)

                               PTF    DEF                                                PTF DEF                                                 PTF DEF
CITIZEN OF THIS STATE          ( It   I It      CITIZEN OR SUBJECT OF A                  ( ISMS       INCORPORATED and PRINCIPAL PLACE            IS ( Is
                                                 FOREIGN COUNTRY                                      OF BUSINESS IN ANOTHER STATE
CITIZEN OF ANOTHER STATE Ix) 2        pd 2      INCORPORATED or PRINCIPAL PLACE            4( 14      FOREIGN NATION                             I Is     IS
                                                 OF BUSINESS IN THIS STATE

PLAINTIFF(S) ADDRESS(ES) AND COUNTY(IES)




23 Sierra Drive
Hot Springs Village, AR 71909
                                                                                                                                                               to
DEFENDANT(S) ADDRESS(ES) AND COUNTY(IES)

Darren K. lndyke
Richard D. Kahn
U.S. Virgin Islands



DEFENDANT(S) ADDRESS UNKNOWN
REPRESENTATION IS HEREBY MADE THAT. AT THIS TIME. I HAVE BEEN UNABLE. WITH REASONABLE DILIGENCE. TO ASCERTAIN
THE RESIDENCE ADDRESSES OF THE FOLLOWNG DEFENDANTS:
Defendants are sued as executors of the Estate of Jeffrey Epstein. Per 28 U.S.C. § 1332, Defendants are
deemed citizens of the U.S. Virgin Islands (USVI), decedent Epstein's domicile. Defendants' residential
addresses are unknown to Plaintiff. Defendants' counsel is listed above.


                                                                COURTHOUSE ASSIGNMENT
    hereby certify that this case should be assigned to the courthouse indicated below pursuant to Local Rule for Division of Business 18, 20 or 21.




Check one:      THIS ACrTIQN SHOUL              BE         GNED TO:          O                 PLAINS           El MANHATTAN

DATE 11/12/2019                                                                                ADMITTED TO PRACTICE IN THIS DISTRICT
                           SIGNATURE OF ATTORNEY OF RECORD
                                                                                                I NO
                                                                                                   YES (DATE ADMITTED Mo.08      Yr. 2009                 )
RECEIPT 8                                                                                      Attorney Bar Code a 43315


Magistrate Judge is to be designated by the Clerk of the Court.
Magistrate Judge                                                                                                 is so Designated.
Ruby J. Krajick, Clerk of Court by                               Deputy Clerk, DATED

UNITED STATES DISTRICT COURT (NEW YORK SOUTHERN)




                                                                                                                                              EFTA02777562
"
